id,link,hashtags,urls
1277672199030276097,https://twitter.com/geo_in_geo/status/1277672199030276097,['#geocovid'],['https://www.franceguyane.fr/actualite/sante/coronavirus/covid-19-les-donnees-en-temps-reel-en-guyane-et-dans-le-monde-467660.php']
1277297184959062018,https://twitter.com/ljegou/status/1277297184959062018,['#geocovid'],['https://twitter.com/tierneyl/status/1277295844664971265']
1276763643787575296,https://twitter.com/ljegou/status/1276763643787575296,"['#geocovid', '#maup']",['https://twitter.com/kakape/status/1276552683361452032']
1276608077383548928,https://twitter.com/fbahoken/status/1276608077383548928,"['#geocovid', '#monde', '#appli']","['https://boogheta.github.io/coronavirus-countries/#deceased&places=Brazil,France,Italy,Mexico,Spain,USA,United%20Kingdom&alignTo=deceased']"
1276577380916756482,https://twitter.com/fbahoken/status/1276577380916756482,"['#geocovid', '#appli', '#usa']",['https://www.themarshallproject.org/2020/03/31/why-jails-are-so-important-in-the-fight-against-coronavirus']
1276521746879873025,https://twitter.com/mondegeonumeric/status/1276521746879873025,['#geocovid'],['https://twitter.com/mirbole01/status/1276491367099834368']
1276491367099834368,https://twitter.com/mirbole01/status/1276491367099834368,['#geocovid'],['https://www.nytimes.com/interactive/2020/us/coronavirus-spread.html']
1276486611795140611,https://twitter.com/mirbole01/status/1276486611795140611,['#geocovid'],['https://cartonumerique.blogspot.com/2020/06/assises-2020-gdr-magis.html']
1276448630577270785,https://twitter.com/lucioflaviog/status/1276448630577270785,[],[]
1276399746836582400,https://twitter.com/mirbole01/status/1276399746836582400,['#geocovid'],[]
1276144651435737088,https://twitter.com/mirbole01/status/1276144651435737088,['#geocovid'],['https://twitter.com/amnestyfrance/status/1276117008615161856']
1276143869172875268,https://twitter.com/mirbole01/status/1276143869172875268,['#geocovid'],['https://twitter.com/iarynam/status/1276089051486081026']
1276143802441519104,https://twitter.com/mirbole01/status/1276143802441519104,['#geocovid'],['https://twitter.com/cdeburghgraeve/status/1276089789272469504']
1276113705164517378,https://twitter.com/ljegou/status/1276113705164517378,['#geocovid'],['https://twitter.com/iarynam/status/1276089051486081026']
1275772900453294081,https://twitter.com/mondegeonumeric/status/1275772900453294081,['#geocovid'],['https://www.lemonde.fr/pixels/article/2020/06/23/application-stopcovid-14-personnes-averties-en-trois-semaines_6043915_4408996.html']
1275771149985755145,https://twitter.com/mondegeonumeric/status/1275771149985755145,['#geocovid'],['https://twitter.com/drkassorla/status/1272196143108292610']
1275726615834746880,https://twitter.com/ljegou/status/1275726615834746880,['#geocovid'],['https://twitter.com/TF1LeJT/status/1275722221386940418']
1275359205973733376,https://twitter.com/ljegou/status/1275359205973733376,['#geocovid'],['https://twitter.com/samermet/status/1275338291118825472']
1274849358853398529,https://twitter.com/jfdorville/status/1274849358853398529,"['#covid_19', '#tcgnrg', '#dailyanalyse', '#caribbean', '#latinamerica', '#geocovid']",[]
1274849035661258756,https://twitter.com/jfdorville/status/1274849035661258756,"['#covid_19', '#tcgnrg', '#analysejournalière', '#caraïbe', '#amériquelatine', '#amériquecentrale', '#geocovid']",[]
1274475573604167681,https://twitter.com/jfdorville/status/1274475573604167681,"['#covid_19', '#tcgnrg', '#dailyanalyse', '#caribbean', '#latinamerica', '#geocovid']",[]
1274475036104163332,https://twitter.com/jfdorville/status/1274475036104163332,"['#covid_19', '#tcgnrg', '#analysejournalière', '#caraïbe', '#amériquelatine', '#amériquecentrale', '#geocovid']",[]
1273884059442319361,https://twitter.com/neocartocnrs/status/1273884059442319361,"['#geocovid', '#covid19']",['https://analytics.huma-num.fr/Nicolas.Lambert/covid19/']
1273679960360857607,https://twitter.com/mondegeonumeric/status/1273679960360857607,['#geocovid'],['https://www.lemonde.fr/pixels/article/2020/06/18/pour-le-suivi-des-cas-contacts-le-royaume-uni-fait-volte-face-et-choisi-finalement-la-solution-d-apple-et-google_6043341_4408996.html']
1273640870890397696,https://twitter.com/mondegeonumeric/status/1273640870890397696,['#geocovid'],['https://twitter.com/Geodoc31/status/1273640576890687489']
1273637787431063552,https://twitter.com/mondegeonumeric/status/1273637787431063552,['#geocovid'],['https://twitter.com/Calimaq/status/1273632931018407936']
1273569951534551047,https://twitter.com/mirbole01/status/1273569951534551047,['#geocovid'],['https://twitter.com/VAMGraw/status/1273136523307876353']
1273551350022971392,https://twitter.com/fbahoken/status/1273551350022971392,"['#geocovid', '#usa']",['https://twitter.com/ericdelmelle/status/1268518254462500866']
1273551210608558080,https://twitter.com/fbahoken/status/1273551210608558080,"['#geocovid', '#usa']",['https://twitter.com/ericdelmelle/status/1269975346847322112']
1273315475028664320,https://twitter.com/OurRadiantEarth/status/1273315475028664320,['#geocovid'],['https://www.azavea.com/blog/2020/06/09/how-we-built-a-national-hospital-dataset-for-coronavirus-relief/']
1273275993596334080,https://twitter.com/fbahoken/status/1273275993596334080,"['#geocovid', '#france', '#mapfail']",['https://twitter.com/BFMTV/status/1247178499250458624']
1273274462985687041,https://twitter.com/fbahoken/status/1273274462985687041,"['#geocovid', '#france', '#analyse']",['https://twitter.com/Guillaume_Bigot/status/1256659400086994946']
1273272030444560390,https://twitter.com/fbahoken/status/1273272030444560390,"['#geocovid', '#usa', '#exploration', '#correlations']","['https://medium.com/topos-ai/visualizing-covid-19-beyond-counties-d1026e5c7efa', 'https://covid19.topos.com/']"
1273267434066194433,https://twitter.com/fbahoken/status/1273267434066194433,"['#geocovid', '#france', '#guyane', '#carteverte', '#mapfail']",['https://twitter.com/Baobab26/status/1271072949311885313']
1273266833911660544,https://twitter.com/fbahoken/status/1273266833911660544,"['#geocovid', '#guinée', '#conakry']",['https://twitter.com/unfpa_guinee/status/1271880227044708353']
1273266626373267457,https://twitter.com/fbahoken/status/1273266626373267457,"['#geocovid', '#suriname', '#orpaillage']",['https://twitter.com/eric_gernez/status/1272639264594026497']
1273021823039557632,https://twitter.com/belemtransito/status/1273021823039557632,[],['https://www.oliberal.com/para/plataforma-covid-19-projeta-623-mil-casos-no-para-em-um-mes-sem-isolamento-coronavirus-pandemia-1.276880']
1273003689297485825,https://twitter.com/fbahoken/status/1273003689297485825,"['#geocovid', '#france']",['https://twitter.com/AntoineD17/status/1268470659325333505']
1272971995932758018,https://twitter.com/fbahoken/status/1272971995932758018,"['#geocovid', '#belgique']",['https://twitter.com/koen_hufkens/status/1272969991328083969']
1272930709053804551,https://twitter.com/OurRadiantEarth/status/1272930709053804551,"['#machinelearning', '#covid19', '#tutorialtuesday', '#satelliteimages', '#geocovid']",['http://ow.ly/CYe450A88xi']
1272896948379561990,https://twitter.com/GeoMaisonobe/status/1272896948379561990,['#geocovid'],['https://tinyurl.com/yby3dbcd']
1272611756096004098,https://twitter.com/emanoelreisAP/status/1272611756096004098,[],['https://amazoniaviaamapa.wordpress.com/2020/06/15/flexibilizacao-do-comercio-em-macapa-pode-aumentar-contagio-diz-boletim-do-geocovid-19/']
1272610881550143489,https://twitter.com/fbahoken/status/1272610881550143489,"['#geocovid', '#world']",['https://twitter.com/neocartocnrs/status/1272437588939485185']
1272125615106392065,https://twitter.com/solvedgeo/status/1272125615106392065,[],['https://portal.ufpa.br/index.php/ultimas-noticias2/11644-portal-geocovid-19-garante-o-acesso-a-dados-acumulados-da-pandemia-no-brasil']
1271900280360230912,https://twitter.com/fbahoken/status/1271900280360230912,"['#geocovid', '#france']",['https://twitter.com/oeinis/status/1265349806026883072']
1271865141248786432,https://twitter.com/UFPA_Oficial/status/1271865141248786432,"['#covid', '#portalufpa']",['http://ow.ly/vBoU30qPkC4']
1271654422297415680,https://twitter.com/mirbole01/status/1271654422297415680,['#geocovid'],['https://twitter.com/oeinis/status/1271497836056674304']
1271620746029268992,https://twitter.com/mapbiomas/status/1271620746029268992,"['#ciência', '#covid19']","['http://covid.mapbiomas.org', 'http://g1.globo.com/globo-news/estudio-i/videos/t/todos-os-videos/v/miguel-nicolelis-faz-projecao-de-explosao-de-casos-de-covid-19-em-julho-e-agosto/8622494/']"
1271518429665689601,https://twitter.com/ljegou/status/1271518429665689601,['#geocovid'],['https://twitter.com/oeinis/status/1271497836056674304']
1271190502935859202,https://twitter.com/fbahoken/status/1271190502935859202,"['#covid19', '#covprehension', '#geocovid', '#data', '#géographie', '#france']",['https://covprehension.org/2020/06/09/q19.html']
1271145814367383552,https://twitter.com/fbahoken/status/1271145814367383552,"['#geocovid', '#italie']",['https://medium.com/anthropocene2050/pourquoi-bergame-analyser-le-nombre-de-test%C3%A9s-positifs-covid-19-%C3%A0-laide-de-la-cartographie-7950cd0b452c']
1271112500537327622,https://twitter.com/OurRadiantEarth/status/1271112500537327622,['#geocovid'],['https://www.youtube.com/watch?v=VYe_4-SWIZ4']
1271104604403650562,https://twitter.com/geo_in_geo/status/1271104604403650562,"['#covid19', '#amazonie', '#geocovid']",['http://repam.org.br/?page_id=4389']
1270781443447369731,https://twitter.com/fbahoken/status/1270781443447369731,"['#geocovid', '#world']",['https://ourworldindata.org/coronavirus']
1270776293546737666,https://twitter.com/mirbole01/status/1270776293546737666,['#geocovid'],['https://twitter.com/ciesin/status/1268985824684707840']
1270746847477448707,https://twitter.com/mirbole01/status/1270746847477448707,"['#mapfail', '#geocovid']",['https://twitter.com/Parcamatt/status/1270664967570837506']
1270733535263916032,https://twitter.com/klebertorres/status/1270733535263916032,[],['https://palavradigital.wordpress.com/2020/06/10/primeiro-boletim-do-portal-geocovid-19-foi-dedicado-a-feira-de-santana-que-teve-o-primeiro-caso-na-bahia/']
1270717421813288962,https://twitter.com/fbahoken/status/1270717421813288962,"['#geocovid', '#france']",['https://covidtracker.fr/covidtracker-france/']
1270707690319347712,https://twitter.com/jornalgrandebah/status/1270707690319347712,[],['https://goo.gl/fb/ATP7Vc']
1270622553804021760,https://twitter.com/neocartocnrs/status/1270622553804021760,['#geocovid'],['https://twitter.com/fbahoken/status/1270380776627089412']
1270574414501994496,https://twitter.com/mirbole01/status/1270574414501994496,['#geocovid'],['https://twitter.com/MichelLussault/status/1270436816450093060']
1270553912039391234,https://twitter.com/medaumbecs/status/1270553912039391234,[],"['http://portalcovid19.uefs.br/', 'https://www.youtube.com/watch?v=yyP6P1rCFjs&list=PLSIGD7-rHf2WkpZA_zgfrI6fyHM3MFXPX']"
1270497575557312512,https://twitter.com/angelocl/status/1270497575557312512,"['#covid19', '#feiradesantana', '#uefs', '#marchapelavida', '#frentepelavida']","['http://portalcovid19.uefs.br', 'https://bit.ly/geocovid19boletim01']"
1270406304708857857,https://twitter.com/arteculturaufba/status/1270406304708857857,['#coronavírus'],['https://bit.ly/3dNq9wT']
1270069991002570752,https://twitter.com/mapbiomas/status/1270069991002570752,[],['http://covid.mapbiomas.org/']
1270053626078167042,https://twitter.com/mirbole01/status/1270053626078167042,['#geocovid'],['https://twitter.com/gmapsmania/status/1270025719305863168']
1269774342440865792,https://twitter.com/tetemarques_/status/1269774342440865792,[],"['http://portalcovid19.uefs.br/', 'http://Brasil.IO']"
1269241963909439490,https://twitter.com/fbahoken/status/1269241963909439490,"['#geocovid', '#monde']",['https://twitter.com/socgeographer/status/1269239074336002048']
1268837277305798656,https://twitter.com/fbahoken/status/1268837277305798656,"['#geocovid', '#amerique', '#latine', '#flowmap', '#geotamtam']",['https://www.inmovilidadamericas.org/']
1268207092785131526,https://twitter.com/OurRadiantEarth/status/1268207092785131526,['#geocovid'],['http://ow.ly/P7wv50zXKKh']
1268194367463882752,https://twitter.com/mirbole01/status/1268194367463882752,"['#geocovid', '#3d']",['https://twitter.com/datagistips/status/1268189016802852866']
1268090324871794688,https://twitter.com/ljegou/status/1268090324871794688,['#geocovid'],['https://link.medium.com/ivD2orGL06']
1267845953589071872,https://twitter.com/OurRadiantEarth/status/1267845953589071872,"['#geocovid', '#eo', '#ml']",['http://ow.ly/pdlq50zVBV3']
1267822613402808323,https://twitter.com/GeoMaisonobe/status/1267822613402808323,"['#geocovid', '#covid19']",['https://tinyurl.com/yc7bzsd4']
1267423281352761346,https://twitter.com/CreaBahia/status/1267423281352761346,[],['http://owl.li/judi30qKmV1']
1267360246466596864,https://twitter.com/mirbole01/status/1267360246466596864,['#geocovid'],['https://twitter.com/tmrhyne/status/1266746651391246339']
1267312047978680321,https://twitter.com/fbahoken/status/1267312047978680321,"['#geocovid', '#afrique', '#flowmap']",['https://twitter.com/CovidMigration/status/1267141789946961923']
1267283797478969346,https://twitter.com/bdxlhzz/status/1267283797478969346,[],['http://covid.mapbiomas.org/']
1267013788819230720,https://twitter.com/fbahoken/status/1267013788819230720,['#geocovid'],['https://twitter.com/tetue/status/1266799255404064769']
1266761837678395394,https://twitter.com/TevaMeyer/status/1266761837678395394,['#geocovid'],['https://www.dna.fr/amp/fil-info/2020/05/30/deconfinement-le-logo-qui-gonfle-jean-rottner-president-du-grand-est?__twitter_impression=true']
1266710964164071424,https://twitter.com/fbahoken/status/1266710964164071424,"['#geocovid', '#flowmap', '#monde']",['https://twitter.com/phcherel/status/1266664931614765056']
1266447030341304334,https://twitter.com/mirbole01/status/1266447030341304334,['#geocovid'],['https://twitter.com/mart1oeil/status/1266409660820656128']
1266411356401602562,https://twitter.com/nico_lambert/status/1266411356401602562,['#geocovid'],['http://geoconfluences.ens-lyon.fr/actualites/eclairage/covid19-mondialisation-demondialisation']
1266337566040743936,https://twitter.com/ljegou/status/1266337566040743936,['#geocovid'],['https://twitter.com/spatialanalysis/status/1265242053300060160']
1266292598961868800,https://twitter.com/Covid19mapping1/status/1266292598961868800,"['#globalgoals', '#geographyteacher', '#geographymatters', '#coronavirus', '#covid19', '#covid19nigeria', '#geocovid']",[]
1266045335715151875,https://twitter.com/OurRadiantEarth/status/1266045335715151875,"['#geocovid', '#foss']",['https://wiki.osgeo.org/wiki/COVID-19_FOSS_initiatives']
1265907697481900033,https://twitter.com/neocartocnrs/status/1265907697481900033,"['#covid19', '#geocovid']",[]
1265904616803143681,https://twitter.com/nico_lambert/status/1265904616803143681,"['#covid19', '#déconfinement', '#geocovid']",[]
1265900758530129921,https://twitter.com/fbahoken/status/1265900758530129921,"['#geocovid', '#france']",['https://twitter.com/Xtophe_Bontemps/status/1265798040067215360']
1265749989365514241,https://twitter.com/MundoGEO/status/1265749989365514241,[],['https://mundogeo.com/2020/05/27/portal-geocovid-19-geotecnologia-no-combate-a-pandemia/']
1265718184277147648,https://twitter.com/OurRadiantEarth/status/1265718184277147648,"['#geocovid', '#covid19']",['http://ow.ly/StNt50zRwe8']
1265659804279812096,https://twitter.com/mirbole01/status/1265659804279812096,['#geocovid'],['https://twitter.com/laquadrature/status/1265574212451946497']
1265652693655224324,https://twitter.com/mirbole01/status/1265652693655224324,['#geocovid'],['https://twitter.com/Geoconfluences/status/1265550384430530568']
1265364938291400706,https://twitter.com/RoelandtN42/status/1265364938291400706,['#geocovid'],['https://twitter.com/OSGeo/status/1265266633481871362']
1265342876982087681,https://twitter.com/fbahoken/status/1265342876982087681,['#geocovid'],['https://twitter.com/Tls_dataviz/status/1265341422171013120']
1265315538936434689,https://twitter.com/OurRadiantEarth/status/1265315538936434689,"['#geocovid', '#covid19']",['http://ow.ly/6Ol050zQoaS']
1265275992886480898,https://twitter.com/mondegeonumeric/status/1265275992886480898,['#geocovid'],['https://twitter.com/Geodoc31/status/1265266114298286080']
1265217758280720386,https://twitter.com/ljegou/status/1265217758280720386,['#geocovid'],['https://twitter.com/GuillaumeRozier/status/1265211185932238848']
1265201595970662402,https://twitter.com/mondegeonumeric/status/1265201595970662402,['#geocovid'],['https://www.lemonde.fr/international/article/2020/05/26/coronavirus-controverse-sur-le-partage-des-donnees-personnelles-dans-les-aeroports-indiens_6040765_3210.html']
1265012560761360384,https://twitter.com/Covid19mapping1/status/1265012560761360384,"['#globalgoals', '#geography', '#geographyteachers', '#geographymatters', '#coronavirus', '#coronaviruspandemic', '#medicalgeography', '#covid19', '#covid19nigeria', '#geocovid', '#pandemic', '#coronaviruspandemic', '#corona']",[]
1264919412467027968,https://twitter.com/fbahoken/status/1264919412467027968,"['#geocovid', '#monde', '#regions', '#pays', '#data', '#maps']","['http://nCoV2019.live', 'https://ncov2019.live/data', 'https://www.lavoixdunord.fr/755318/article/2020-05-21/un-ado-createur-d-un-site-sur-le-covid-19-refuse-une-offre-de-rachat-de-7-3']"
1264858825565319168,https://twitter.com/mondegeonumeric/status/1264858825565319168,['#geocovid'],['https://twitter.com/Benjamin_Pradel/status/1264617617983234048']
1264779455605678081,https://twitter.com/mirbole01/status/1264779455605678081,['#geocovid'],['https://twitter.com/GeographyRealm/status/1264708010825232384']
1264770745428779008,https://twitter.com/mirbole01/status/1264770745428779008,['#geocovid'],['https://twitter.com/PostGraphics/status/1264668224349704193']
1264663302313050119,https://twitter.com/mondegeonumeric/status/1264663302313050119,['#geocovid'],['https://twitter.com/re_sieber/status/1264649723702587393']
1264559149414862848,https://twitter.com/mirbole01/status/1264559149414862848,"['#geocovid', '#mapfail']",['https://twitter.com/IFckingLoveMaps/status/1264541902201913351']
1264557024362344449,https://twitter.com/mondegeonumeric/status/1264557024362344449,['#geocovid'],['https://twitter.com/PostGraphics/status/1264360470745681921']
1264260356102172672,https://twitter.com/23_imeliz/status/1264260356102172672,[],[]
1264191011531751424,https://twitter.com/mondegeonumeric/status/1264191011531751424,['#geocovid'],['https://twitter.com/jlcassely/status/1264188179881623554']
1263896138538799104,https://twitter.com/mondegeonumeric/status/1263896138538799104,['#geocovid'],['https://twitter.com/Geodoc31/status/1263571787914317824']
1263865983426539523,https://twitter.com/OurRadiantEarth/status/1263865983426539523,"['#geocovid', '#geospatial']",['http://ow.ly/z61h50zNNgF']
1263787833090850816,https://twitter.com/mirbole01/status/1263787833090850816,['#geocovid'],['https://journals.openedition.org/cybergeo/34804']
1263336220186247168,https://twitter.com/fbahoken/status/1263336220186247168,"['#geocovid', '#monde']",['https://twitter.com/GeoMaisonobe/status/1263058594439794688']
1263335335590756358,https://twitter.com/fbahoken/status/1263335335590756358,"['#geocovid', '#usa']",['https://twitter.com/lenagroeger/status/1263191034453880832']
1263334937152929792,https://twitter.com/fbahoken/status/1263334937152929792,"['#geocovid', '#dashboard']",['https://twitter.com/A_C_Robinson/status/1263193631051206656']
1263141201164800002,https://twitter.com/OurRadiantEarth/status/1263141201164800002,['#geocovid'],['http://ow.ly/uMGC50zLGxY']
1262997362387169282,https://twitter.com/fbahoken/status/1262997362387169282,"['#geocovid', '#afrique']",['https://d3m037qqkidp3x.cloudfront.net/ISP/m/7HbtsC/tw_1589921439719.html']
1262816572575449088,https://twitter.com/OurRadiantEarth/status/1262816572575449088,"['#geocovid', '#covid19']",['http://ow.ly/WKhT50zKxX8']
1262779764177321985,https://twitter.com/fbahoken/status/1262779764177321985,"['#geocovid', '#france']",[]
1262453243621380096,https://twitter.com/OurRadiantEarth/status/1262453243621380096,"['#geocovid', '#cropmonitoring', '#eo', '#gee', '#ag', '#covid19']",['https://cgiarcsi.community/2020/05/11/rapid-response-analytics-of-covid-19-impact-on-agriculture-and-environment/']
1262432077405982721,https://twitter.com/mondegeonumeric/status/1262432077405982721,['#geocovid'],['https://twitter.com/jacquespriol/status/1261635907435855872']
1262122502383427584,https://twitter.com/meussertoes/status/1262122502383427584,"['#fiqueemcasa', '#cloroquinanãosalva']",['https://www.meussertoes.com.br/2020/05/17/covid-19-atinge-201-cidades-do-nordeste-em-uma-semana/']
1261328006448119811,https://twitter.com/OurRadiantEarth/status/1261328006448119811,['#geocovid'],['http://ow.ly/AwrV50zHiXg']
1260644756096380930,https://twitter.com/OurRadiantEarth/status/1260644756096380930,"['#geocovid', '#covid19']",['http://ow.ly/pR2650zFbbN']
1260633726758932480,https://twitter.com/fbahoken/status/1260633726758932480,"['#geocovid', '#afrique']",['https://twitter.com/LeMonde_Afrique/status/1260630294551552000']
1260580518028103680,https://twitter.com/azavea/status/1260580518028103680,['#geocovid'],['https://twitter.com/CARTO/status/1260296431933456391']
1260488401129803777,https://twitter.com/BorisMericskay/status/1260488401129803777,['#geocovid'],[]
1260476042273337352,https://twitter.com/mondegeonumeric/status/1260476042273337352,"['#irlande', '#geocovid']",['https://twitter.com/DecryptaGeo/status/1260471707619426316']
1260283928176406528,https://twitter.com/OurRadiantEarth/status/1260283928176406528,"['#geocovid', '#foodsecurity']",['http://ow.ly/w4Qo50zE6cU']
1260248804600709121,https://twitter.com/mondegeonumeric/status/1260248804600709121,['#geocovid'],['https://twitter.com/mjmrsc/status/1260206035807145990']
1260224223244673030,https://twitter.com/azavea/status/1260224223244673030,"['#geocovid', '#remotesensing']",['https://twitter.com/OurRadiantEarth/status/1258079594780987395']
1260121048177049603,https://twitter.com/mondegeonumeric/status/1260121048177049603,['#geocovid'],['https://twitter.com/obouba/status/1260108595913543681']
1260097245665427456,https://twitter.com/mondegeonumeric/status/1260097245665427456,['#geocovid'],['https://twitter.com/mdrechsler/status/1259960208434085888']
1260096951980298240,https://twitter.com/mondegeonumeric/status/1260096951980298240,['#geocovid'],['https://twitter.com/svial/status/1260012424683347970']
1260096467697569793,https://twitter.com/mondegeonumeric/status/1260096467697569793,['#geocovid'],['https://twitter.com/Geodoc31/status/1260052159619629056']
1259922491683885057,https://twitter.com/OurRadiantEarth/status/1259922491683885057,"['#geocovid', '#hackathon', '#earthobservation', '#covid']",['http://ow.ly/jwhz50zCRZf']
1259810877345325059,https://twitter.com/mondegeonumeric/status/1259810877345325059,['#geocovid'],['https://twitter.com/PhilippeGargov/status/1259771278594052103']
1259810410359926785,https://twitter.com/mondegeonumeric/status/1259810410359926785,['#geocovid'],['https://twitter.com/DecryptaGeo/status/1259797300114792450']
1259791345297903616,https://twitter.com/mondegeonumeric/status/1259791345297903616,['#geocovid'],['https://twitter.com/verder0/status/1259757479224848384']
1259738346806489090,https://twitter.com/nico_lambert/status/1259738346806489090,"['#covid19', '#deconfinementjour1', '#geocovid']",['https://analytics.huma-num.fr/Nicolas.Lambert/covid19/']
1259734468081876992,https://twitter.com/mondegeonumeric/status/1259734468081876992,['#geocovid'],['https://twitter.com/lemonde_cities/status/1259714971119816704']
1259577155765354496,https://twitter.com/jaumecasanas/status/1259577155765354496,"['#cunit', '#poblesdefrontera', '#geocovid', '#penedès']",[]
1259404710739664898,https://twitter.com/BorisMericskay/status/1259404710739664898,"['#geocovid', '#flowmap']",['https://ici.radio-canada.ca/info/2020/05/geolocalisation-deplacements-provinces-regions-quebec-montreal-distanciation-sociale']
1259258497960681478,https://twitter.com/Geodoc31/status/1259258497960681478,"['#covid_19', '#coronavirus', '#geographie', '#carte', '#geocovid']",['https://www.la-croix.com/Monde/Coronavirus-lintrigante-geographie-contagion-2020-05-05-1201092633']
1259025859098353669,https://twitter.com/RoelandtN42/status/1259025859098353669,['#geocovid'],['https://twitter.com/matthieumeritet/status/1258463723833839616']
1258852950530719748,https://twitter.com/OurRadiantEarth/status/1258852950530719748,"['#geocovid', '#socialdistancing']",['http://ow.ly/qlwc50zAO6i']
1258811974730866694,https://twitter.com/Fabien_Goblet/status/1258811974730866694,"['#déconfinement', '#geocovid']",['https://100km.monterritoire.fr']
1258723374668419072,https://twitter.com/BorisMericskay/status/1258723374668419072,['#geocovid'],[]
1258546949281574913,https://twitter.com/adrian_21ldu/status/1258546949281574913,"['#qgis2web', '#quito', '#covid19ec', '#geocovid']",['http://tarogeo.com/covid19_1.html?fbclid=IwAR2sALr2EWsy1b8940UrjmpyXLmiSSQlWQTRd4wCN-aNVaWbM1Zk4JGYFfs#11/-0.1772/-78.3672']
1258426663374856199,https://twitter.com/geo_in_geo/status/1258426663374856199,"['#usa', '#storymap', '#geocovid']",['https://storymaps.arcgis.com/stories/336825e7c44a494ab24c72f67e02814a']
1258425970048077827,https://twitter.com/geo_in_geo/status/1258425970048077827,"['#canada', '#geocovid']",['https://www.ualberta.ca/science/news/2020/april/covid-19-travel-restrictions.html']
1258412663903858688,https://twitter.com/angelocl/status/1258412663903858688,"['#pactopelavida', '#fiqueemcasacomaciência', '#fiqueemcasacomciência', '#marchavirtualpelaciência']",['http://portalcovid19.uefs.br/']
1258340633653248000,https://twitter.com/BorisMericskay/status/1258340633653248000,['#geocovid'],[]
1258290622395531266,https://twitter.com/mirbole01/status/1258290622395531266,['#geocovid'],"['https://cartonumerique.blogspot.com/2020/05/la-carte-du-deconfinement.html', 'https://twitter.com/LegendesCarto/status/1258119550249418753']"
1258245075265556480,https://twitter.com/mirbole01/status/1258245075265556480,['#geocovid'],['https://twitter.com/framaka/status/1258149631512457216']
1258113173003083778,https://twitter.com/RoelandtN42/status/1258113173003083778,['#geocovid'],['https://twitter.com/lecartographe/status/1258043148430987265']
1258079594780987395,https://twitter.com/OurRadiantEarth/status/1258079594780987395,"['#geocovid', '#satelliteimagery', '#covid19']",['http://ow.ly/8hQn50zxr7c']
1258021074392043520,https://twitter.com/mondegeonumeric/status/1258021074392043520,['#geocovid'],['https://twitter.com/Geodoc31/status/1258018148776804352']
1258013664478666753,https://twitter.com/azavea/status/1258013664478666753,"['#covid19', '#data4covid19', '#geocovid']","['https://bit.ly/2KdlJlM', 'https://bit.ly/2L4xn2t']"
1257998194090311680,https://twitter.com/geo_in_geo/status/1257998194090311680,"['#covid19', '#canada', '#geocovid', '#flowmap']",['https://ici.radio-canada.ca/info/2020/05/traces-origine-premiers-cas-coronavirus-covid-19-canada']
1257993258698977281,https://twitter.com/mirbole01/status/1257993258698977281,['#geocovid'],['https://twitter.com/mdrechsler/status/1257985323348484099']
1257990807392575489,https://twitter.com/neocartocnrs/status/1257990807392575489,"['#covid19', '#geocovid']",[]
1257967989904809984,https://twitter.com/mondegeonumeric/status/1257967989904809984,['#geocovid'],['https://twitter.com/vincent_monot/status/1257376344234696710']
1257965373527396353,https://twitter.com/mondegeonumeric/status/1257965373527396353,['#geocovid'],['https://twitter.com/soc_geo/status/1257951351088300033']
1257956229525225472,https://twitter.com/BorisMericskay/status/1257956229525225472,['#geocovid'],[]
1257951266992533504,https://twitter.com/mirbole01/status/1257951266992533504,['#geocovid'],['https://cartonumerique.blogspot.com/2020/05/la-carte-du-deconfinement.html']
1257948150163275776,https://twitter.com/mondegeonumeric/status/1257948150163275776,['#geocovid'],['https://twitter.com/f_clement/status/1257621541149433857']
1257919650656116736,https://twitter.com/mondegeonumeric/status/1257919650656116736,['#geocovid'],['https://twitter.com/re_sieber/status/1257865599054643200']
1257919161294098432,https://twitter.com/mondegeonumeric/status/1257919161294098432,['#geocovid'],['https://www.lemonde.fr/politique/article/2020/05/06/coronavirus-le-senat-adopte-en-premiere-lecture-le-texte-prolongeant-l-etat-d-urgence-sanitaire_6038779_823448.html']
1257842230083149826,https://twitter.com/adrian_21ldu/status/1257842230083149826,"['#quito', '#geocovid', '#covid19ec', '#geoweb', '#qgis2web']",['http://tarogeo.com/covid19_1.html#11/-0.2173/-78.5567']
1257769805832171520,https://twitter.com/azavea/status/1257769805832171520,['#geocovid'],['https://bit.ly/2L71Gpe']
1257754505363537921,https://twitter.com/OurRadiantEarth/status/1257754505363537921,['#geocovid'],['http://ow.ly/e5We50zwldn']
1257723065615728640,https://twitter.com/geo_in_geo/status/1257723065615728640,"['#covid19', '#bresil', '#geocovid', '#osm', '#storymap']",['https://covid19.socioambiental.org/']
1257718434881851394,https://twitter.com/geo_in_geo/status/1257718434881851394,"['#covid19', '#panama', '#geocovid']",['https://rainforestfoundation.org/covid-panama-gis-map/']
1257702862118883328,https://twitter.com/geo_in_geo/status/1257702862118883328,"['#geocovid', '#monde']",['https://france-science.com/cord19-publications-dashboard/']
1257643622838738945,https://twitter.com/MorelJuliette3/status/1257643622838738945,"['#geocovid', '#covid19']",['https://www.liberation.fr/debats/2020/05/05/covid-19-des-cartes-tres-politiques_1787381']
1257641840809033728,https://twitter.com/fbahoken/status/1257641840809033728,"['#demomed', '#geocovid', '#geoweb', '#appli', '#monde', '#pays', '#méditerranée']",['https://demomed.org/index.php/fr/ressources-en-ligne/coronavirus-situation']
1257638733601484800,https://twitter.com/fbahoken/status/1257638733601484800,"['#geocovid', '#geoweb', '#application', '#dashboard', '#portugal']",['https://covid19.min-saude.pt/ponto-de-situacao-atual-em-portugal/']
1257636154146422785,https://twitter.com/fbahoken/status/1257636154146422785,"['#geocovid', '#france']",['https://www.liberation.fr/debats/2020/05/05/covid-19-des-cartes-tres-politiques_1787381']
1257631420593385474,https://twitter.com/mondegeonumeric/status/1257631420593385474,['#geocovid'],['https://twitter.com/nashidilrouiai/status/1257629175004962816']
1257613935987109891,https://twitter.com/fbahoken/status/1257613935987109891,"['#geocovid', '#monde', '#appli', '#geoweb', '#science', '#flowmap', '#netscity']","['http://geoscimo.univ-tlse2.fr/ou-se-font-les-recherches-sur-le-covid-19/', 'http://www.geotests.net/Netscience/graphs/graph_city_may4_web.html']"
1257606709662617610,https://twitter.com/geo_in_geo/status/1257606709662617610,"['#covid19', '#bresil', '#geocovid']",['https://www.ufrgs.br/sig/mapas/covid-19-indigenas/']
1257606425720782849,https://twitter.com/BCartographie/status/1257606425720782849,['#geocovid'],[]
1257605737817296896,https://twitter.com/mirbole01/status/1257605737817296896,"['#geocovid', '#japon']",['http://covid19-ifrjmfj-tokyo1.e-monsite.com/']
1257590422718656513,https://twitter.com/SophieKeren/status/1257590422718656513,"['#geocovid', '#japon']",['https://www.stopcovid19.jp/']
1257552580449894400,https://twitter.com/fbahoken/status/1257552580449894400,"['#geocovid', '#monde']",['https://twitter.com/worldmapper/status/1257085100141010947']
1257552356167868417,https://twitter.com/mirbole01/status/1257552356167868417,"['#geocovid', '#storymap', '#geoweb']","['https://www.washingtonpost.com/graphics/2020/world/amp-stories/mapping-coronavirus/', 'https://twitter.com/fbahoken/status/1257413652342325255']"
1257421218095026180,https://twitter.com/fbahoken/status/1257421218095026180,"['#geocovid', '#geoweb', '#appli', '#monde', '#complots']",['https://www.conspiracywatch.info/la-carte-des-theories-du-complot-sur-le-coronavirus.html']
1257415261348605963,https://twitter.com/fbahoken/status/1257415261348605963,"['#geocovid', '#geoweb', '#application', '#france']",['https://twitter.com/nico_lambert/status/1250361686575517698']
1257413652342325255,https://twitter.com/fbahoken/status/1257413652342325255,"['#geocovid', '#monde', '#geoweb', '#flowmap', '#particules', '#reseau', '#distance', '#voisinage']",['https://www.nytimes.com/interactive/2020/03/22/world/coronavirus-spread.html?referringSource=articleShare']
1257410598222077954,https://twitter.com/fbahoken/status/1257410598222077954,"['#geocovid', '#cameroun', '#pays', '#fonds', '#vectoriel', '#libre']",['https://www.istockphoto.com/fr/vectoriel/carte-du-mod%C3%A8le-dinfographie-durgence-d%C3%A9pid%C3%A9mie-et-de-quarantaine-du-cameroun-gm1218942882-356373080']
1257408662403940352,https://twitter.com/fbahoken/status/1257408662403940352,"['#geocovid', '#geoweb', '#monde', '#globe', '#3d']","['https://www.facebook.com/covidVisualizer/videos/722984278239337/', 'https://www.covidvisualizer.com/']"
1257406419504160768,https://twitter.com/fbahoken/status/1257406419504160768,"['#geocovid', '#cameroun', '#mapfail']",['https://nkafu.org/blog-post/bulletin-003-sur-le-covid-19-au-cameroun/']
1257401204377890822,https://twitter.com/fbahoken/status/1257401204377890822,"['#geocovid', '#africa']",['https://twitter.com/OMSRDCONGO/status/1241019507021357058']
1257400345803788288,https://twitter.com/fbahoken/status/1257400345803788288,"['#geocovid', '#africa', '#geoweb', '#application']",['https://allodocteurs.africa/innovation/applications/coronavirus-une-carte-pour-suivre-en-temps-reel-l-epidemie-de-covid-19-en-afrique']
1257399761604358145,https://twitter.com/fbahoken/status/1257399761604358145,"['#geocovid', '#africa', '#geoweb', '#dashboard']",['http://covid-19-africa.sen.ovh/']
1257398665452363778,https://twitter.com/fbahoken/status/1257398665452363778,"['#geocovid', '#africa', '#geoweb', '#dashboard']",['https://www.afro.who.int/fr/node/12206']
1257398167714312203,https://twitter.com/geo_in_geo/status/1257398167714312203,"['#guyana', '#geocovid']",['https://www.health.gov.gy/index.php/component/k2/item/146-apr30']
1257397616050155522,https://twitter.com/fbahoken/status/1257397616050155522,"['#geocovid', '#africa']",['https://www.thinkglobalhealth.org/article/africa-not-starting-scratch-covid-19']
1257396754493984771,https://twitter.com/fbahoken/status/1257396754493984771,"['#geocovid', '#afrique']",['https://www.bbc.com/afrique/region-52522691']
1257396178834141185,https://twitter.com/geo_in_geo/status/1257396178834141185,"['#geocovid', '#monde']",['https://covid19-dash.github.io/']
1257395677597962241,https://twitter.com/fbahoken/status/1257395677597962241,"['#geocovid', '#afrique']",['https://africacenter.org/fr/spotlight/cartographie-des-facteurs-de-risque-de-propagation-du-covid-19-en-afrique/']
1257394377846071296,https://twitter.com/fbahoken/status/1257394377846071296,"['#geocovid', '#afrique']",['https://presse.inserm.fr/legypte-lalgerie-et-lafrique-du-sud-portes-dentree-probables-du-coronavirus-en-afrique/38322/']
1257393325872685058,https://twitter.com/fbahoken/status/1257393325872685058,"['#geocovid', '#monde']",['https://www.articque.com/epidemie-de-coronavirus/']
1257392002129367041,https://twitter.com/fbahoken/status/1257392002129367041,"['#geocovid', '#monde', '#geoweb', '#vih']",['https://coronavirus.startupblink.com/']
1257391131219943425,https://twitter.com/fbahoken/status/1257391131219943425,"['#geocovid', '#monde', '#geoweb', '#vih']",['https://www.unaids.org/fr/resources/presscentre/featurestories/2020/april/20200408_covid-19-innovations']
1257390317407526912,https://twitter.com/fbahoken/status/1257390317407526912,"['#geocovid', '#monde', '#geoweb']",['https://infographics.channelnewsasia.com/covid-19/map.html']
1257389876498087936,https://twitter.com/fbahoken/status/1257389876498087936,"['#geocovid', '#france']",['https://twitter.com/romsson/status/1257030382337380356']
1257369730001915904,https://twitter.com/OurRadiantEarth/status/1257369730001915904,['#geocovid'],['http://wigis.co.ke/project/3269-2/']
1257362948290416641,https://twitter.com/BorisMericskay/status/1257362948290416641,['#geocovid'],[]
1257352606290268161,https://twitter.com/geo_in_geo/status/1257352606290268161,"['#geocovid', '#quebec']",['https://twitter.com/universitelaval/status/1246065720263413760']
1257323590149533701,https://twitter.com/fbahoken/status/1257323590149533701,"['#geocovid', '#japon', '#geoweb', '#dashboard']","['https://gis.jag-japan.com/covid19jp/', 'https://coromap.info/', 'https://jagjapan.maps.arcgis.com/apps/opsdashboard/index.html#/55c22ee976bc42338cb454765a6edf6b']"
1257318546012426241,https://twitter.com/i_humanize/status/1257318546012426241,"['#mapbiomas', '#ihumanize']",['http://covid.mapbiomas.org']
1257310740882419720,https://twitter.com/geo_in_geo/status/1257310740882419720,"['#geocovid', '#monde', '#nomdupays', '#nomdelaregion', '#nomdelaville']",[]
1257308549387972608,https://twitter.com/fbahoken/status/1257308549387972608,"['#geowebcovid', '#geocovid', '#geoweb']",[]
1257298662935404545,https://twitter.com/mondegeonumeric/status/1257298662935404545,"['#geocovid', '#geowebcovid']",[]
1257294698844225537,https://twitter.com/azavea/status/1257294698844225537,"['#covid19', '#geocovid']",['https://twitter.com/AIHealthMIT/status/1256667092377575424']
1257287288566042627,https://twitter.com/BorisMericskay/status/1257287288566042627,['#geocovid'],[]
1256324118665850880,https://twitter.com/emvolpi/status/1256324118665850880,"['#mapbiomas', '#curiosidadescartograficas', '#coronavírus', '#covid19']","['http://covid.mapbiomas.org/', 'http://bit.ly/cartocurious']"
1256239787884851201,https://twitter.com/isc_ufba/status/1256239787884851201,"['#iscemcasa', '#coronavírus', '#covid19', '#geocovid19', '#brasil', '#isc', '#ufba']",['https://youtu.be/EIjHbSd4xzY']
1256019814046408705,https://twitter.com/5Lo2Fish/status/1256019814046408705,['#geocovid'],[]
1255967924403277824,https://twitter.com/azavea/status/1255967924403277824,"['#geocovid', '#dataaggregation', '#dataanalysis', '#covid19', '#geospatial']",['https://www.covidcaremap.org/']
1255932449550458887,https://twitter.com/OurRadiantEarth/status/1255932449550458887,"['#geocovid', '#covid19', '#satelliteimagery']",['http://ow.ly/gxUH50zqRHb']
1255563041392951297,https://twitter.com/OurRadiantEarth/status/1255563041392951297,"['#geocovid', '#covid19']","['https://www.windy.com/plugins?38.903,-76.988,5']"
1255265860555603977,https://twitter.com/rhprj/status/1255265860555603977,[],['http://covid.mapbiomas.org']
1255213485077692416,https://twitter.com/mapbiomas/status/1255213485077692416,['#covid19'],"['https://conferenciaweb.rnp.br/webconf/jocelmarios', 'http://covid.mapbiomas.org/']"
1255089502558683137,https://twitter.com/isc_ufba/status/1255089502558683137,"['#iscemcasa', '#coronavírus', '#covid19', '#geocovid19', '#isc', '#ufba']",['http://youtube.com/labvideoisc']
1254808440045809664,https://twitter.com/Oaps_saude/status/1254808440045809664,[],['https://bit.ly/3bIyIbb']
1254808345510363137,https://twitter.com/azavea/status/1254808345510363137,"['#covid19', '#geocovid', '#elections2020']",['https://twitter.com/CiceroAPI/status/1252284143116914688']
1254754854066622467,https://twitter.com/charlespaimba/status/1254754854066622467,"['#tecnologia', '#ciencia', '#secti']",['https://ift.tt/2W1HYjR']
1254732767147032576,https://twitter.com/lipePains/status/1254732767147032576,[],['http://portalcovid19.uefs.br']
1254618569041686531,https://twitter.com/KatiaMazzei/status/1254618569041686531,[],['https://twitter.com/mapbiomas/status/1254597568811667462']
1254597568811667462,https://twitter.com/mapbiomas/status/1254597568811667462,[],['http://covid.mapbiomas.org']
1253763398543847426,https://twitter.com/azavea/status/1253763398543847426,['#geocovid'],['https://bit.ly/2xMjUtu']
1253761990398525445,https://twitter.com/mouthofmorrison/status/1253761990398525445,['#geocovid'],[]
1253694663904636928,https://twitter.com/mouthofmorrison/status/1253694663904636928,['#geocovid'],[]
1253694646653419521,https://twitter.com/mouthofmorrison/status/1253694646653419521,['#geocovid'],[]
1253362263072952320,https://twitter.com/ruimtevaart/status/1253362263072952320,['#geocovid'],['http://tl.gd/noo6cf']
1252991286212247560,https://twitter.com/azavea/status/1252991286212247560,"['#geocovid', '#covid19']",[]
1252783176348512268,https://twitter.com/mariramosa/status/1252783176348512268,[],[]
1252189301531697159,https://twitter.com/5Lo2Fish/status/1252189301531697159,['#geocovid'],[]
1251164053143277568,https://twitter.com/OurRadiantEarth/status/1251164053143277568,['#geocovid'],['http://ow.ly/ONdc50zfZ5J']
1250894494704287746,https://twitter.com/azavea/status/1250894494704287746,"['#covidcaremap', '#geocovid', '#covid19']","['https://bit.ly/2KdlJlM', 'https://bit.ly/2VNmVSj']"
1250803605260718083,https://twitter.com/OurRadiantEarth/status/1250803605260718083,"['#geocovid', '#location', '#radio', '#sar']",['http://ow.ly/I1Jz50zdUR2']
1250503318255910913,https://twitter.com/abi_edin/status/1250503318255910913,"['#geospatial', '#geocovid']",['https://twitter.com/WIREDBusiness/status/1250409165190828038']
1250446360983351297,https://twitter.com/OurRadiantEarth/status/1250446360983351297,"['#geocovid', '#covid19']","['http://ow.ly/I3xr50zeXpb', 'http://ow.ly/CJs550zeXoz']"
1248792038658707458,https://twitter.com/ajodoandrew/status/1248792038658707458,"['#geocovid', '#covidー19', '#covid19nigeria']",[]
1248751287115669505,https://twitter.com/jhay_lawrence/status/1248751287115669505,"['#takeresponsibility', '#stayhomesavelives', '#geocovid']",['https://twitter.com/Covid19mapping1/status/1248726727351840778']
1248691406790701056,https://twitter.com/Covid19mapping1/status/1248691406790701056,"['#covidー19', '#geocovid']",['https://twitter.com/Covid19mapping1/status/1248639322619875330']
1248444188359884801,https://twitter.com/alexbhill/status/1248444188359884801,['#geocovid'],['https://twitter.com/detroitography/status/1246065664059756545']
1248388334017114115,https://twitter.com/hcastellaro/status/1248388334017114115,['#geocovid'],['https://twitter.com/CaritoPadin/status/1248367974035193856']
1248384347918315520,https://twitter.com/5Lo2Fish/status/1248384347918315520,['#geocovid'],[]
1248383803225071619,https://twitter.com/jhay_lawrence/status/1248383803225071619,['#geocovid'],['https://twitter.com/Covid19mapping1/status/1248358483214336004']
1248383125278748672,https://twitter.com/5Lo2Fish/status/1248383125278748672,"['#geocovid', '#geospatialhealth']",[]
1248382473186103297,https://twitter.com/TheLeadImpactI1/status/1248382473186103297,"['#geocovid', '#geospatial']",['https://twitter.com/Covid19mapping1/status/1248358483214336004']
1247977810494459907,https://twitter.com/azavea/status/1247977810494459907,"['#covid19', '#geospatialanalysis', '#geocovid', '#geospatial', '#opendata', '#opensource', '#datavisualization']",[]
1247939218300698624,https://twitter.com/hhkaos/status/1247939218300698624,"['#geocovid', '#geovoluntarios']",['https://zoom.us/j/291896728']
1247263488751403016,https://twitter.com/azavea/status/1247263488751403016,"['#covid19', '#geospatialdata', '#covidcaremap', '#geocovid']",['https://twitter.com/TechnicallyPHL/status/1247208275441049608']
